userId,id,title,body,postId,name,email
1,1,sunt aut facere repellat provident occaecati excepturi optio reprehenderit,"laudantium enim quasi est quidem magnam voluptate ipsam eos
tempora quo necessitatibus
dolor quam autem quasi
reiciendis et nam sapiente accusantium",1,id labore ex et quam laborum,Eliseo@gardner.biz
1,6,qui est esse,"doloribus at sed quis culpa deserunt consectetur qui praesentium
accusamus fugiat dicta
voluptatem rerum ut voluptate autem
voluptatem repellendus aspernatur dolorem in",2,et fugit eligendi deleniti quidem qui sint nihil autem,Presley.Mueller@myrl.com
1,11,ea molestias quasi exercitationem repellat qui ipsa sit aut,"ut dolorum nostrum id quia aut est
fuga est inventore vel eligendi explicabo quis consectetur
aut occaecati repellat id natus quo est
ut blanditiis quia ut vel ut maiores ea",3,fugit labore quia mollitia quas deserunt nostrum sunt,Veronica_Goodwin@timmothy.net
1,16,eum et est occaecati,"iste ut laborum aliquid velit facere itaque
quo ut soluta dicta voluptate
error tempore aut et
sequi reiciendis dignissimos expedita consequuntur libero sed fugiat facilis",4,perferendis temporibus delectus optio ea eum ratione dolorum,Christine@ayana.info
1,21,nesciunt quas odio,"deleniti aut sed molestias explicabo
commodi odio ratione nesciunt
voluptate doloremque est
nam autem error delectus",5,aliquid rerum mollitia qui a consectetur eum sed,Noemie@marques.me
1,26,dolorem eum magni eos aperiam quia,"incidunt sapiente eaque dolor eos
ad est molestias
quas sit et nihil exercitationem at cumque ullam
nihil magnam et",6,in deleniti sunt provident soluta ratione veniam quam praesentium,Russel.Parker@kameron.io
1,31,magnam facilis autem,"quia incidunt ut
aliquid est ut rerum deleniti iure est
ipsum quia ea sint et
voluptatem quaerat eaque repudiandae eveniet aut",7,ex velit ut cum eius odio ad placeat,Buford@shaylee.biz
1,36,dolorem dolore est ipsam,"aut vero est
dolor non aut excepturi dignissimos illo nisi aut quas
aut magni quia nostrum provident magnam quas modi maxime
voluptatem et molestiae",8,sit et quis,Raheem_Heaney@gretchen.biz
1,41,nesciunt iure omnis dolorem tempora et accusantium,"facere repudiandae vitae ea aut sed quo ut et
facere nihil ut voluptates in
saepe cupiditate accusantium numquam dolores
inventore sint mollitia provident",9,voluptas deleniti ut,Lucio@gladys.tv
1,46,optio molestias id quia eum,"exercitationem et id quae cum omnis
voluptatibus accusantium et quidem
ut ipsam sint
doloremque illo ex atque necessitatibus sed",10,dignissimos et deleniti voluptate et quod,Jeremy.Harann@waino.me
2,51,et ea vero quia laudantium autem,"perferendis omnis esse
voluptate sit mollitia sed perferendis
nemo nostrum qui
vel quis nisi doloribus animi odio id quas",11,molestias et odio ut commodi omnis ex,Laurie@lincoln.us
2,56,in quibusdam tempore odit est dolorem,"cum esse odio nihil reiciendis illum quaerat
est facere quia
occaecati sit totam fugiat in beatae
ut occaecati unde vitae nihil quidem consequatur",12,et dolorem corrupti sed molestias,Vince_Crist@heidi.biz
2,61,dolorum ut in voluptas mollitia et saepe quo animi,"deserunt cumque laudantium
et et odit quia sint quia quidem
quibusdam debitis fuga in tempora deleniti
impedit consequatur veniam reiciendis autem porro minima",13,quidem itaque dolores quod laborum aliquid molestiae,Aurelio.Pfeffer@griffin.ca
2,66,voluptatem eligendi optio,"necessitatibus libero occaecati
vero inventore iste assumenda veritatis
asperiores non sit et quia omnis facere nemo explicabo
odit quo nobis porro",14,eius nam consequuntur,Janice@alda.io
2,71,eveniet quod temporibus,"mollitia magnam et
ipsum consequatur est expedita
aut rem ut ex doloremque est vitae est
cumque velit recusandae numquam libero dolor fuga fugit a",15,vel pariatur perferendis vero ab aut voluptates labore,Lavinia@lafayette.me
2,76,sint suscipit perspiciatis velit dolorum rerum ipsa laboriosam odio,"sunt qui consequatur similique recusandae repellendus voluptates eos et
vero nostrum fugit magnam aliquam
reprehenderit nobis voluptatem eos consectetur possimus
et perferendis qui ea fugiat sit doloremque",16,porro ut soluta repellendus similique,Gage_Turner@halle.name
2,81,fugit voluptas sed molestias voluptatem provident,"illum et voluptatem quis repellendus quidem repellat
reprehenderit voluptas consequatur mollitia
praesentium nisi quo quod et
occaecati repellendus illo eius harum explicabo doloribus officia",17,aut non consequuntur dignissimos voluptatibus dolorem earum recusandae dolorem,Newton.Kertzmann@anjali.io
2,86,voluptate et itaque vero tempora molestiae,"eum culpa debitis sint
eaque quia magni laudantium qui neque voluptas
voluptatem qui molestiae vel earum est ratione excepturi
sit aut explicabo et repudiandae ut perspiciatis",18,suscipit est sunt vel illum sint,Jacquelyn@krista.info
2,91,adipisci placeat illum aut reiciendis qui,"qui nisi at maxime deleniti quo
ex quas tenetur nam
deleniti aut asperiores deserunt cum ex eaque alias sit
et veniam ab consequatur molestiae",19,repellendus est laboriosam voluptas veritatis,Alexandro@garry.io
2,96,doloribus ad provident suscipit at,"eum itaque quam
laboriosam sequi ullam quos nobis
omnis dignissimos nam dolores
facere id suscipit aliquid culpa rerum quis",20,non sit ad culpa quis,River.Grady@lavada.biz
3,101,asperiores ea ipsam voluptatibus modi minima quia sint,"ut aut maxime officia sed aliquam et magni autem
veniam repudiandae nostrum odio enim eum optio aut
omnis illo quasi quibusdam inventore explicabo
reprehenderit dolor saepe possimus molestiae",21,perspiciatis magnam ut eum autem similique explicabo expedita,Lura@rod.tv
3,106,dolor sint quo a velit explicabo quia nam,"dolores debitis voluptatem ab hic
magnam alias qui est sunt
et porro velit et repellendus occaecati est
sequi quia odio deleniti illum",22,maiores placeat facere quam pariatur,Allen@richard.biz
3,111,maxime id vitae nihil numquam,"ullam autem et
accusantium quod sequi similique soluta explicabo ipsa
eius ratione quisquam sed et excepturi occaecati pariatur
molestiae ut reiciendis eum voluptatem sed",23,possimus facilis deleniti nemo atque voluptate,Stefan.Crist@duane.ca
3,116,autem hic labore sunt dolores incidunt,"quia voluptas qui assumenda nesciunt harum iusto
est corrupti aperiam
ut aut unde maxime consequatur eligendi
veniam modi id sint rem labore saepe minus",24,veritatis sit tempora quasi fuga aut dolorum,Reyes@hailey.name
3,121,rem alias distinctio quo quis,"soluta mollitia impedit cumque nostrum tempore aut placeat repellat
enim adipisci dolores aut ut ratione laboriosam necessitatibus vel
et blanditiis est iste sapiente qui atque repellendus alias
earum consequuntur quia quasi quia",25,deleniti quo corporis ullam magni praesentium molestiae,Annabelle@cole.com
3,126,est et quae odit qui non,"est qui ut tempore temporibus pariatur provident qui consequuntur
laboriosam porro dignissimos quos debitis id laborum et totam
aut eius sequi dolor maiores amet
rerum voluptatibus quod ratione quos labore fuga sit",26,fuga tenetur id et qui labore delectus,Alexie@alayna.org
3,131,quasi id et eos tenetur aut quo autem,"rem magnam at voluptatem
aspernatur et et nostrum rerum
dignissimos eum quibusdam
optio quod dolores et",27,voluptas quasi sunt laboriosam,Emmet@guy.biz
3,136,delectus ullam et corporis nulla voluptas sequi,"cum natus qui dolorem dolorum nihil ut nam tempore
modi nesciunt ipsum hic
rem sunt possimus earum magnam similique aspernatur sed
totam sed voluptatem iusto id iste qui",28,et expedita est odit,Rosanna_Kunze@guy.net
3,141,iusto eius quod necessitatibus culpa ea,"et ullam id eligendi rem sit
occaecati et delectus in nemo
aut veritatis deserunt aspernatur dolor enim voluptas quos consequatur
molestiae temporibus error",29,dignissimos perspiciatis voluptate quos rem qui temporibus excepturi,Ottis@lourdes.org
3,146,a quo magni similique perferendis,"possimus necessitatibus quis
et dicta omnis voluptatem ea est
suscipit eum soluta in quia corrupti hic iusto
consequatur est aut qui earum nisi officiis sed culpa",30,est qui debitis,Vivienne@willis.org
4,151,ullam ut quidem id aut vel consequuntur,"quos eos sint voluptatibus similique iusto perferendis omnis voluptas
earum nulla cumque
dolorem consequatur officiis quis consequatur aspernatur nihil ullam et
enim enim unde nihil labore non ducimus",31,ut quas facilis laborum voluptatum consequatur odio voluptate et,Cary@taurean.biz
4,156,doloremque illum aliquid sunt,"dolorum voluptas laboriosam quisquam ab
totam beatae et aut aliquid optio assumenda
voluptas velit itaque quidem voluptatem tempore cupiditate
in itaque sit molestiae minus dolores magni",32,pariatur omnis in,Telly_Lynch@karl.co.uk
4,161,qui explicabo molestiae dolorem,"sunt totam blanditiis
eum quos fugit et ab rerum nemo
ut iusto architecto
ut et eligendi iure placeat omnis",33,nesciunt quidem veritatis alias odit nisi voluptatem non est,Ashlee_Jast@emie.biz
4,166,magnam ut rerum iure,"nam quas eaque unde
dolor blanditiis cumque eaque omnis qui
rerum modi sint quae numquam exercitationem
atque aut praesentium ipsa sit neque qui sint aut",34,sint alias molestiae qui dolor vel,Aimee.Bins@braeden.ca
4,171,id nihil consequatur molestias animi provident,"sed non beatae placeat qui libero nam eaque qui
quia ut ad doloremque
sequi unde quidem adipisci debitis autem velit
architecto aperiam eos nihil enim dolores veritatis omnis ex",35,voluptatibus qui est et,Gerda.Reynolds@ceasar.co.uk
4,176,fuga nam accusamus voluptas reiciendis itaque,"quam culpa fugiat
rerum impedit ratione vel ipsam rem
commodi qui rem eum
itaque officiis omnis ad",36,ipsam deleniti incidunt repudiandae voluptatem maxime provident non dolores,Esther@ford.me
4,181,provident vel ut sit ratione est,"dolor iure corrupti
et eligendi nesciunt voluptatum autem
consequatur in sapiente
dolor voluptas dolores natus iusto qui et in perferendis",37,similique ut et non laboriosam in eligendi et,Milan.Schoen@cortney.io
4,186,explicabo et eos deleniti nostrum ab id repellendus,"asperiores eaque error sunt ut natus et omnis
expedita error iste vitae
sit alias voluptas voluptatibus quia iusto quia ea
enim facere est quam ex",38,voluptas distinctio qui similique quasi voluptatem non sit,Yasmin.Prohaska@hanna.co.uk
4,191,eos dolorem iste accusantium est eaque quam,"sit vero aut voluptatem soluta corrupti dolor cum
nulla ipsa accusamus aut suscipit ut dicta ut nemo
ut et ut sit voluptas modi
illum suscipit ea debitis aut ullam harum",39,est perferendis eos dolores maxime rerum qui,Eugene@mohammed.net
4,196,enim quo cumque,"eum laborum quidem omnis facere harum ducimus dolores quaerat
corporis quidem aliquid
quod aut aut at dolorum aspernatur reiciendis
exercitationem quasi consectetur asperiores vero blanditiis dolor",40,totam vel saepe aut qui velit quis,Jenifer_Lowe@reuben.ca
5,201,non est facere,"est officiis placeat
id et iusto ut fugit numquam
eos aut voluptas ad quia tempore qui quibusdam doloremque
recusandae tempora qui",41,et adipisci aliquam a aperiam ut soluta,Cleve@royal.us
5,206,commodi ullam sint et excepturi error explicabo praesentium voluptas,"nam iusto minus expedita numquam
et id quis
voluptatibus minima porro facilis dolores beatae aut sit
aut quia suscipit",42,deserunt eveniet quam vitae velit,Sophie@antoinette.ca
5,211,eligendi iste nostrum consequuntur adipisci praesentium sit beatae perferendis,"odio temporibus est ut a
aut commodi minima tempora eum
et fuga omnis alias deleniti facere totam unde
impedit voluptas et possimus consequatur necessitatibus qui velit",43,rerum voluptate dolor,Faustino.Keeling@morris.co.uk
5,216,optio dolor molestias sit,"minima quaerat voluptatibus iusto earum
quia nihil et
minus deleniti aspernatur voluptatibus tempore sit molestias
architecto velit id debitis",44,voluptatem esse sint alias,Jaylan.Mayert@norbert.biz
5,221,ut numquam possimus omnis eius suscipit laudantium iure,"rerum possimus asperiores non dolores maiores tenetur ab
suscipit laudantium possimus ab iure
distinctio assumenda iste adipisci optio est sed eligendi
temporibus perferendis tempore soluta",45,reprehenderit rem voluptatem voluptate recusandae dolore distinctio,Madonna@will.com
5,226,aut quo modi neque nostrum ducimus,"provident sed similique
explicabo fugiat quasi saepe voluptatem corrupti recusandae
voluptas repudiandae illum tenetur mollitia
sint in enim earum est",46,assumenda officia quam ex natus minima sint quia,Benton@jayde.tv
5,231,quibusdam cumque rem aut deserunt,"veritatis laudantium laboriosam ut maxime sed voluptate
consequatur itaque occaecati voluptatum est
ut itaque aperiam eligendi at vel minus
dicta tempora nihil pariatur libero est",47,omnis minima dicta aliquam excepturi,Kelton_McKenzie@danial.us
5,236,ut voluptatem illum ea doloribus itaque eos,"itaque error cupiditate asperiores ut aspernatur veniam qui
doloribus sit aliquid pariatur dicta deleniti qui alias dignissimos
recusandae eaque repellendus est et dolorem aut non
explicabo voluptas est beatae vel temporibus",48,cupiditate rerum voluptate quo facere repudiandae,Freeda.Kirlin@eddie.ca
5,241,laborum non sunt aut ut assumenda perspiciatis voluptas,"quisquam asperiores voluptas
modi tempore officia quod hic dolor omnis asperiores
architecto aut vel odio quisquam sunt
deserunt soluta illum",49,reprehenderit inventore soluta ut aliquam,Lemuel@willow.name
5,246,repellendus qui recusandae incidunt voluptates tenetur qui omnis exercitationem,"quia est sed eos animi optio dolorum
consequatur reiciendis exercitationem ipsum nihil omnis
beatae sed corporis enim quisquam
et blanditiis qui nihil",50,magnam earum qui eaque sunt excepturi,Jaycee.Turner@euna.name
6,251,soluta aliquam aperiam consequatur illo quis voluptas,"sit vero at voluptatem corporis adipisci
error sit aut nihil rerum doloremque dolorum ipsum
eum ut numquam sapiente ipsam nam blanditiis ut quasi
facilis optio rerum qui temporibus esse excepturi eaque",51,veritatis sint eius,Ayden_Hickle@stephany.tv
6,256,qui enim et consequuntur quia animi quis voluptate quibusdam,"nemo deleniti sunt praesentium quis quam repellendus
consequatur non est ex fugiat distinctio aliquam explicabo
aspernatur omnis debitis sint consequatur
quo autem natus veritatis",52,tempore distinctio quam,Carlee_Heathcote@harley.tv
6,261,ut quo aut ducimus alias,"sapiente qui est quod
debitis qui est optio consequuntur
alias hic amet ut non ad qui provident
quia provident aspernatur corrupti occaecati",53,aut veritatis quasi voluptatem enim dolor soluta temporibus,Virgie@layne.org
6,266,sit asperiores ipsam eveniet odio non quia,"non et voluptas
eaque atque esse qui molestias porro quam veniam voluptatibus
minima ut velit velit ut architecto deleniti
ab sint deserunt possimus quas velit et eum",54,eum enim provident atque eum,Carolina.Auer@polly.co.uk
6,271,sit vel voluptatem et non libero,"quae eaque reprehenderit
suscipit facilis ut tenetur blanditiis sint occaecati
accusantium expedita sed nostrum
rerum sunt nam qui placeat consequatur et",55,et et repellat quasi non ea similique,Ethelyn.Moore@gabe.info
6,276,qui et at rerum necessitatibus,"dolores tempora totam quas maxime voluptatem voluptas excepturi
recusandae quis odio exercitationem in
consectetur sed aut
excepturi eligendi sint consectetur repellendus aperiam",56,inventore amet ut debitis ipsam reiciendis molestiae autem sed,Matt.Moen@gilda.org
6,281,sed ab est est,"eius voluptatem minus
et aliquid perspiciatis sint unde ut
similique odio ullam vitae quisquam hic ex consequatur aliquid
ab nihil explicabo sint maiores aut et dolores nostrum",57,consequatur voluptates sed voluptatem fuga,Bridie@pearl.ca
6,286,voluptatum itaque dolores nisi et quasi,"doloremque accusantium necessitatibus architecto ut provident
quaerat iusto eius omnis
fuga laborum harum totam sunt velit
aut neque corporis atque",58,dolore dignissimos distinctio,Marco.Langworth@zoie.org
6,291,qui commodi dolor at maiores et quis id accusantium,"nisi dicta numquam dolor
rerum sed quaerat et
sed sequi doloribus libero quos temporibus
blanditiis optio est tempore qui",59,occaecati et dolorum,Pascale@fleta.ca
6,296,consequatur placeat omnis quisquam quia reprehenderit fugit veritatis facere,"quasi dolorem veniam dignissimos
atque voluptas iure et quidem fugit velit et
quod magnam illum quia et ea est modi
aut quis dolores",60,hic eum sed dolore velit cupiditate quisquam ut inventore,Name.Walter@zoie.me
7,301,voluptatem doloribus consectetur est ut ducimus,"dolore maxime saepe dolor asperiores cupiditate nisi nesciunt
vitae tempora ducimus vel eos perferendis
fuga sequi numquam blanditiis sit sed inventore et
ut possimus soluta voluptas nihil aliquid sed earum",61,id voluptatibus voluptas occaecati quia sunt eveniet et eius,Tiana@jeramie.tv
7,306,beatae enim quia vel,"ab veritatis aspernatur molestiae explicabo ea saepe molestias sequi
beatae aut perferendis quaerat aut omnis illo fugiat
quisquam hic doloribus maiores itaque
voluptas amet dolorem blanditiis",62,omnis nisi libero,Kenton_Carter@yolanda.co.uk
7,311,voluptas blanditiis repellendus animi ducimus error sapiente et suscipit,"officia provident libero explicabo tempora velit eligendi mollitia similique
rerum sit aut consequatur ullam tenetur qui est vero
rerum est et explicabo
sit sunt ea exercitationem molestiae",63,veritatis nulla consequatur sed cumque,Brisa@carrie.us
7,316,et fugit quas eum in in aperiam quod,"consequatur qui doloribus et rerum
debitis cum dolorem voluptate qui fuga
necessitatibus quod temporibus non voluptates
aut saepe molestiae",64,totam est minima modi sapiente nobis impedit,Sister.Morissette@adelia.io
7,321,consequatur id enim sunt et et,"ea necessitatibus eum nesciunt corporis
minus in quisquam iste recusandae
qui nobis deleniti asperiores non laboriosam sunt molestiae dolore
distinctio qui officiis tempora dolorem ea",65,rem ducimus ipsam ut est vero distinctio et,Danyka_Stark@jedidiah.name
7,326,repudiandae ea animi iusto,"perspiciatis vero nulla aut consequatur fuga earum aut
nemo suscipit totam vitae qui at omnis aut
incidunt optio dolorem voluptatem vel
assumenda vero id explicabo deleniti sit corrupti sit",66,voluptatem laborum incidunt accusamus,Lauren.Hodkiewicz@jarret.info
7,331,aliquid eos sed fuga est maxime repellendus,"maxime incidunt velit quam vel fugit nostrum veritatis
et ipsam nisi voluptatem voluptas cumque tempora velit et
et quisquam error
maiores fugit qui dolor sit doloribus",67,nemo cum est officia maiores sint sunt a,Don@cameron.co.uk
7,336,odio quis facere architecto reiciendis optio,"similique autem voluptatem ab et et
odio animi repellendus libero voluptas voluptas quia
libero facere saepe nobis
consequatur et qui non hic ea maxime nihil",68,eveniet eligendi nisi sunt a error blanditiis et ea,Yoshiko@viviane.name
7,341,fugiat quod pariatur odit minima,"iure ea ea neque est
esse ab sed hic et ullam sed sequi a
non hic tenetur sunt enim ea
laudantium ea natus",69,sunt ut voluptatem cupiditate maxime dolores eligendi,April@larissa.co.uk
7,346,voluptatem laborum magni,"quas non magnam
quia veritatis assumenda reiciendis
similique dolores est ab
praesentium fuga ut",70,beatae in fuga assumenda dolorem accusantium blanditiis mollitia,Kirstin@tina.info
8,351,et iusto veniam et illum aut fuga,"quo nisi impedit velit repellendus esse itaque ut saepe
voluptatibus occaecati ab eaque dolores
maxime alias velit ducimus placeat sit laudantium quia
corrupti doloremque ut",71,quia ex perspiciatis sunt voluptatem quidem,Solon.Goldner@judah.org
8,356,sint hic doloribus consequatur eos non id,"fugiat dolore voluptas tempore
aspernatur quibusdam rem iste sit fugiat nesciunt consequatur
dolor sed odit similique minima corporis quae in adipisci
impedit dolores et cupiditate accusantium perferendis dignissimos error",72,qui vel id qui est,Trent@samir.net
8,361,consequuntur deleniti eos quia temporibus ab aliquid at,"cum ad porro fuga sequi dolores
ipsa error magni itaque labore accusamus
corporis odit consequatur quis debitis
cum et voluptas facilis incidunt ut itaque dolores error",73,voluptates qui et corporis,Antwon@domenico.me
8,366,enim unde ratione doloribus quas enim ut sit sapiente,"explicabo perspiciatis quae sit qui nulla incidunt facilis
repudiandae perspiciatis voluptate expedita sunt consectetur quasi
id occaecati nesciunt dolorem aliquid perspiciatis repellat inventore esse
ut possimus exercitationem facere modi",74,aperiam ut deserunt minus quo dicta nisi,Pablo.Ritchie@tyrique.co.uk
8,371,dignissimos eum dolor ut enim et delectus in,"est dicta totam architecto et minus id aut non
ut et fugit eaque culpa modi repellendus
aliquid qui veritatis doloribus aut consequatur voluptas sequi accusantium
voluptas occaecati saepe reprehenderit ut",75,ut quia sequi sed eius voluptas,Lindsay@kiley.name
8,376,doloremque officiis ad et non perferendis,"sint qui aut aspernatur necessitatibus
laboriosam autem occaecati nostrum non
officiis consequuntur odit
et itaque quam placeat aut molestiae saepe veniam provident",76,dolorem qui architecto provident,Raphaelle@miller.com
8,381,necessitatibus quasi exercitationem odio,"consequatur possimus sit itaque distinctio fugit aut quod
explicabo exercitationem voluptas labore rerum
porro ut in voluptas maiores tempora accusantium
voluptatum et sapiente sit quas quis et veniam",77,sint porro optio voluptatem,Tomasa@lee.us
8,386,quam voluptatibus rerum veritatis,"et dicta dolores sit
repudiandae id harum temporibus
voluptas quia blanditiis numquam a enim quae
quisquam assumenda nam doloribus vel temporibus distinctio eveniet dolores",78,temporibus minus debitis deleniti repellat unde eveniet,Alexandre@derrick.co.uk
8,391,pariatur consequatur quia magnam autem omnis non amet,"aut repellat tenetur delectus eaque est nihil consequatur quae
deleniti assumenda voluptates sit sit cupiditate maiores
autem suscipit sint tenetur dolor tempore
dolorem dolorum alias adipisci",79,sed ratione nesciunt odit expedita,Corene_Mante@rory.com
8,396,labore in ex et explicabo corporis aut quas,"perferendis veritatis saepe voluptatem
eum voluptas quis
sed occaecati nostrum
fugit animi omnis ratione molestias",80,qui eos vitae possimus reprehenderit voluptatem voluptatem repellendus,Margarett_Jenkins@harley.us
9,401,tempora rem veritatis voluptas quo dolores vero,"sit delectus recusandae qui
et cupiditate sed ipsum culpa et fugiat ab
illo dignissimos quo est repellat dolorum neque
voluptates sed sapiente ab aut rerum enim sint voluptatum",81,cum voluptate sint voluptas veritatis,Vella.Mayer@colten.net
9,406,laudantium voluptate suscipit sunt enim enim,"dicta in quam tenetur
sed molestiae a sit est aut quia autem aut
nam voluptatem reiciendis corporis voluptatem
sapiente est id quia explicabo enim tempora asperiores",82,sint eaque rerum voluptas fugiat quia qui,Merle.Schultz@marcel.org
9,411,odit et voluptates doloribus alias odio et,"nam voluptatem ex aut voluptatem mollitia sit sapiente
qui hic ut
qui natus in iste et magnam dolores et fugit
ea sint ut minima quas eum nobis at reprehenderit",83,hic rem eligendi tenetur ipsum dolore maxime eum,Sister_Barton@lela.com
9,416,optio ipsam molestias necessitatibus occaecati facilis veritatis dolores aut,"enim velit consequatur excepturi corporis voluptatem nostrum
nesciunt alias perspiciatis corporis
neque at eius porro sapiente ratione maiores natus
facere molestiae vel explicabo voluptas unde",84,neque nemo consequatur ea fugit aut esse suscipit dolore,Aurelie_McKenzie@providenci.biz
9,421,dolore veritatis porro provident adipisci blanditiis et sunt,"voluptate libero corrupti facere totam eaque consequatur nemo
enim aliquid exercitationem nulla dignissimos illo
est amet non iure
amet sed dolore non ipsam magni",85,non eligendi ipsam provident,Holden@kenny.io
9,426,placeat quia et porro iste,"reiciendis consequatur sunt atque quisquam ut sed iure
consequatur laboriosam dicta odio
quas cumque iure blanditiis ad sed ullam dignissimos
sunt et exercitationem saepe",86,deleniti tempora non quia et aut,Shany@daisha.biz
9,431,nostrum quis quasi placeat,"voluptas minus fugiat vel
est quos soluta et veniam quia incidunt unde ut
laborum odio in eligendi distinctio odit repellat
nesciunt consequatur blanditiis cupiditate consequatur at et",87,velit incidunt ut accusantium odit maiores quaerat,Bernie.Schoen@seamus.co.uk
9,436,sapiente omnis fugit eos,"sit non facilis commodi sapiente officiis aut facere libero
sed voluptatum eligendi veniam velit explicabo
sint laborum sunt reprehenderit dolore id nobis accusamus
fugit voluptatem magni dolor qui dolores ipsa",88,ea illo ab et maiores eaque non nobis,Selena.Quigley@johan.co.uk
9,441,sint soluta et vel magnam aut ut sed qui,"illum qui quis optio
quasi eius dolores et non numquam et
qui necessitatibus itaque magnam mollitia earum et
nisi voluptate eum accusamus ea",89,nisi qui voluptates recusandae voluptas assumenda et,Elian@matilda.me
9,446,ad iusto omnis odit dolor voluptatibus,"cum fugit earum vel et nulla et voluptatem
et ipsam aut
et nihil officia nemo eveniet accusamus
nulla aut impedit veritatis praesentium",90,dicta excepturi aut est dolor ab dolores rerum,Jedediah@mason.io
10,451,aut amet sed,"dolor veritatis ipsum accusamus quae voluptates sint voluptatum et
harum saepe dolorem enim
expedita placeat qui quidem aut et et est
minus odit qui possimus qui saepe",91,maiores ut dolores quo sapiente nisi,Duane_Dach@demario.us
10,456,ratione ex tenetur perferendis,"sunt ipsam illum consequuntur
quasi enim possimus unde qui beatae quo eligendi
vel quia asperiores est quae voluptate
aperiam et iste perspiciatis",92,quod voluptatem qui qui sit sed maiores fugit,Cassie@diana.org
10,461,beatae soluta recusandae,"eos quidem temporibus eum
est ipsa sunt illum a facere
omnis suscipit dolorem voluptatem incidunt
tenetur deleniti aspernatur at quis",93,perferendis nobis praesentium accusantium culpa et et,Conner@daron.info
10,466,qui qui voluptates illo iste minima,"aut dignissimos eos facere velit totam
eaque aut voluptas ex similique ut ipsa est
voluptates ut tempora
quis commodi officia et consequatur cumque delectus",94,impedit autem distinctio omnis ipsam voluptas eaque,Brant@yasmin.co.uk
10,471,id minus libero illum nam ad officiis,"quia non dolor
corporis consectetur velit eos quis
incidunt ut eos nesciunt repellendus voluptas voluptate sint neque
doloribus est minima autem quis velit illo ea neque",95,nihil ad debitis rerum optio est cumque sed voluptates,Pearline@veda.ca
10,476,quaerat velit veniam amet cupiditate aut numquam ut sequi,"officia quas aut culpa eum
eaque quia rem unde ea quae reiciendis omnis
excepturi nemo est vel sequi accusantium tenetur at earum
et rerum quisquam temporibus cupiditate",96,quia hic adipisci modi fuga aperiam,Amely.Kunde@rodrigo.co.uk
10,481,quas fugiat ut perspiciatis vero provident,"dignissimos nobis vitae corporis delectus eligendi et ut ut
amet laudantium neque
et quia cupiditate debitis aliquid
dolorem aspernatur libero aut autem quo et",97,recusandae dolor similique autem saepe voluptate aut vel sit,Domenick@russell.ca
10,486,laboriosam dolor voluptates,"iste maxime et molestiae
qui aliquam doloremque earum beatae repellat
in aut eum libero eos itaque pariatur exercitationem
vel quam non",98,et aut qui eaque porro quo quis velit rerum,Lamont@georgiana.biz
10,491,temporibus sit alias delectus eligendi possimus magni,"natus commodi debitis cum ex rerum alias quis
maxime fugiat fugit sapiente distinctio nostrum tempora
possimus quod vero itaque enim accusantium perferendis
fugit ut eum labore accusantium voluptas",99,eos enim odio,Maxwell@adeline.me
10,496,at nam consequatur ea labore ea harum,"neque unde voluptatem iure
odio excepturi ipsam ad id
ipsa sed expedita error quam
voluptatem tempora necessitatibus suscipit culpa veniam porro iste vel",100,et occaecati asperiores quas voluptas ipsam nostrum,Zola@lizzie.com
